query_index,nearest_ref_index,nearest_distance_m,label
0,390,45.63018896609385,0
1,390,50.72453224765661,0
2,390,55.81030973424751,0
3,390,60.88067834765045,0
4,390,65.92509904354377,0
5,390,70.93491389443648,0
6,390,75.89786401093222,0
7,390,80.78949446164927,0
8,390,85.58457949531751,0
9,390,90.244247527282,0
10,390,94.71904377874407,0
11,390,98.9691097809968,0
12,390,102.98827061092601,0
13,390,106.77807759619242,0
14,390,110.31665089047473,0
15,390,113.58508372172797,0
16,390,116.58818745197775,0
17,390,119.3259668415908,0
18,390,121.77920055370096,0
19,390,124.01052849744237,0
20,390,126.10848139813321,0
21,390,128.1540443293495,0
22,390,130.18864821539844,0
23,390,132.25326725711474,0
24,390,134.40893272122415,0
25,390,136.7024759171096,0
26,390,139.15265120771568,0
27,390,141.78264074549213,0
28,390,144.6157394646032,0
29,390,147.62145477228307,0
30,390,150.76296780192817,0
31,390,154.00634724118797,0
32,390,157.32792581897183,0
33,390,160.69440569440945,0
34,59,163.9335874856661,0
35,60,159.8723967810845,0
36,60,155.94196441500944,0
37,61,152.19244914825336,0
38,61,148.65650896800742,0
39,61,145.44251133528863,0
40,62,142.57063772862327,0
41,62,140.0143847799658,0
42,62,137.7822477987748,0
43,62,135.80932973838594,0
44,63,134.00051139942968,0
45,63,132.28019565749221,0
46,63,130.568148448266,0
47,64,128.7835640857475,0
48,64,126.8482033866437,0
49,64,124.72309167651134,0
50,65,122.29886059091406,0
51,66,119.60049075892977,0
52,66,116.60226232828346,0
53,67,113.39760804717766,0
54,68,110.06046798319943,0
55,68,106.65613966218098,0
56,69,103.27944977158563,0
57,70,99.96107919760681,0
58,70,96.66806458221492,0
59,71,93.42418964280672,0
60,71,90.19698976336325,0
61,71,86.97777886822931,0
62,71,83.71592051160887,0
63,72,80.3504304548458,0
64,72,76.81545087638715,0
65,72,73.06340773534986,0
66,72,69.07365129527169,0
67,72,64.86070242322835,0
68,71,60.44015512279488,0
69,71,55.8364935664171,0
70,71,51.099032730875884,0
71,71,46.28089311318617,0
72,71,41.452264027491495,0
73,71,36.696804632102285,1
74,71,32.09742294836705,1
75,71,27.710185305119957,1
76,71,23.556105959052594,1
77,71,19.657714490250694,1
78,71,16.061535037754958,1
79,71,12.840210944119708,1
80,72,9.999636682128678,1
81,72,7.488680845434298,1
82,73,5.683895851786977,1
83,73,3.9497708052594684,1
84,74,2.744426836923582,1
85,75,2.0423753172602033,1
86,76,1.9768042745053307,1
87,78,2.82160899748827,1
88,79,4.392977529955433,1
89,80,7.253296168514283,1
90,80,10.908151361469596,1
91,81,14.911024580958767,1
92,81,19.324143242390416,1
93,82,23.977896869655464,1
94,82,28.730385359365187,1
95,82,33.65092354945296,1
96,82,38.678318845052054,1
97,82,43.758311312363034,0
98,83,48.80718452456712,0
99,83,53.81372668544071,0
100,83,58.80628438669805,0
101,83,63.789670972877346,0
102,83,68.76998056514344,0
103,83,73.74784989288538,0
104,83,78.71794064764521,0
105,130,80.90785004477246,0
106,131,80.7611173634484,0
107,132,80.64904700144007,0
108,133,80.59100006336757,0
109,134,80.60240678352763,0
110,135,80.6721284929455,0
111,136,80.7804336106364,0
112,136,80.90404577869577,0
113,137,81.01151525993292,0
114,138,81.20520284090144,0
115,138,81.48903436647181,0
116,139,81.90608872569474,0
117,139,82.45523604205184,0
118,139,83.21828268517429,0
119,140,84.07411883635787,0
120,140,85.17213992657838,0
121,140,86.56020075465698,0
122,141,88.16215071590804,0
123,141,90.04701294703395,0
124,141,92.18576490994784,0
125,141,94.49603674518073,0
126,142,96.84694185939345,0
127,142,99.16125772177026,0
128,142,101.4794745161028,0
129,142,103.81749759198993,0
130,142,106.13087325144582,0
131,142,108.37454947204125,0
132,142,110.52480194616857,0
133,142,112.5813854957801,0
134,142,114.57753671242428,0
135,142,116.57185623828428,0
136,142,118.62881767889935,0
137,142,120.82280737254405,0
138,142,123.17950749001838,0
139,142,125.69524811270772,0
140,142,128.40204366359436,0
141,142,131.33841039189443,0
142,142,134.516403318693,0
143,142,137.92739275469205,0
144,142,141.54603586438,0
145,142,145.3354122986272,0
146,142,149.25283647053163,0
147,142,153.25933961662525,0
148,142,157.3273390989577,0
149,142,161.43505606637095,0
150,141,165.56863341746785,0
151,141,169.68531832963924,0
152,141,173.8055174603197,0
153,141,177.92939342034998,0
154,141,182.05266824907295,0
155,141,186.17180423587322,0
156,141,190.28906169105142,0
157,141,194.3953127464807,0
158,141,198.47441159771282,0
159,141,202.48412942545096,0
160,141,206.372816335033,0
161,141,210.08373164807438,0
162,141,213.57277220463976,0
163,141,216.825267451601,0
164,141,219.82581252502408,0
165,141,222.56780864374045,0
166,141,225.0349981193211,0
167,141,227.21096117663166,0
168,141,229.09105298584527,0
169,141,230.7081826750662,0
170,141,232.12624013013235,0
171,141,233.41471747669056,0
172,141,234.63644064719085,0
173,141,235.82451681262447,0
174,141,237.01686533810474,0
175,141,238.2378871153843,0
176,141,239.51623866689673,0
177,141,240.88478802102534,0
178,140,242.33878289464428,0
179,140,243.90887691337946,0
180,140,245.60336063251228,0
181,140,247.415657429568,0
182,80,248.38350965485154,0
183,80,247.3577214909971,0
184,80,246.43913961664634,0
185,80,245.6017633673913,0
186,79,244.81350609403398,0
187,79,244.04520897063406,0
188,79,243.2026128977252,0
189,79,242.21931517475164,0
190,79,241.04225684362757,0
191,79,239.63012677793975,0
192,79,237.94247533812185,0
193,79,235.94014589996632,0
194,79,233.60365450176477,0
195,79,230.93533467068704,0
196,79,227.90899586752278,0
197,79,224.54734106063785,0
198,79,220.9511927989456,0
199,79,217.18104250123397,0
200,79,213.28551084817803,0
201,79,209.30511898360902,0
202,79,205.28478892987397,0
203,79,201.26477209527238,0
204,79,197.28254782927183,0
205,80,193.3584581029409,0
206,80,189.5187294385508,0
207,80,185.84187305210108,0
208,80,182.3710700332725,0
209,80,179.1252530125746,0
210,80,176.10776910658504,0
211,80,173.29732443152957,0
212,80,170.6501053096811,0
213,80,168.13327822450754,0
214,80,165.71704569221714,0
215,80,163.35964451708702,0
216,80,161.0085875296268,0
217,80,158.59378607130344,0
218,80,156.04829742174937,0
219,80,153.3238612304831,0
220,80,150.39225368904678,0
221,80,147.25774317078117,0
222,80,143.94753843621874,0
223,80,140.48360665854946,0
224,80,136.8833604798936,0
225,80,133.1731531740271,0
226,80,129.3747865696038,0
227,80,125.52320089942715,0
228,80,121.65564091625248,0
229,79,117.80219378240113,0
230,79,113.95882028920721,0
231,79,110.22034620233518,0
232,79,106.61711038516141,0
233,79,103.17100199959073,0
234,79,99.90483654012438,0
235,78,96.8123780958259,0
236,78,93.89322312203223,0
237,78,91.25581590322865,0
238,78,88.93036694391178,0
239,77,86.87948784585494,0
240,77,85.11982735728807,0
241,77,83.72234250760798,0
242,76,82.59183098061553,0
243,76,81.74369918169735,0
244,75,81.14169858773515,0
245,75,80.64013696610319,0
246,75,80.25142514440566,0
247,74,79.76057832336892,0
248,74,79.18970836968136,0
249,73,78.40482809180054,0
250,73,77.33031057814472,0
251,73,75.93776358586351,0
252,72,74.13859038529658,0
253,72,71.86169675951957,0
254,72,69.12198763039052,0
255,72,65.93847694560496,0
256,72,62.34936303703379,0
257,72,58.41640641930956,0
258,72,54.199915115467434,0
259,71,49.755834024744274,0
260,71,45.14650694853197,0
261,71,40.45245812859128,0
262,71,35.78312927774222,1
263,71,31.260527312381857,1
264,71,26.980631556315167,1
265,71,22.97653991791726,1
266,71,19.268015527443243,1
267,71,15.869660847422686,1
268,71,12.820194311851477,1
269,72,10.144426806897997,1
270,72,7.7345666184348705,1
271,72,5.814391021875803,1
272,73,4.414659669475738,1
273,73,3.0305052998570563,1
274,74,2.1117690643702396,1
275,75,1.864764142259614,1
276,75,1.1923742827372643,1
277,76,0.7064080413883078,1
278,77,0.5143226565196378,1
279,78,0.5072263864678831,1
280,79,0.5825207372151616,1
281,80,0.7085654610004831,1
282,81,0.8894298907999736,1
283,82,1.110659977784699,1
284,83,1.3704548471908453,1
285,84,1.7064241636871362,1
286,86,1.6413198875138801,1
287,87,1.4133914167539177,1
288,88,1.0892655600876033,1
289,89,0.7679018886834997,1
290,90,0.7941689859763776,1
291,91,1.286800826683395,1
292,92,1.9677399095970867,1
293,94,1.3898660519080415,1
294,95,0.7102880893516206,1
295,96,0.7326754248613534,1
296,97,1.2203977836937507,1
297,99,0.9761065766947618,1
298,100,0.6956358568799597,1
299,102,0.8050651729031639,1
300,104,1.0323627586025872,1
301,108,0.9687895197879084,1
302,110,0.6404693516109671,1
303,111,0.48789033553484734,1
304,112,0.6073342737525371,1
305,113,0.7998478273522663,1
306,114,1.0754692352390258,1
307,115,1.461678853948285,1
308,117,1.745566448573181,1
309,118,1.5158241166895081,1
310,119,1.166008164732676,1
311,120,0.7371170454057725,1
312,121,0.5510636849078118,1
313,122,1.081562630845816,1
314,123,1.918624069824917,1
315,125,2.39881388799813,1
316,126,1.4573739424657068,1
317,127,0.6260792520409043,1
318,128,0.8462726193966923,1
319,129,1.7332780004502466,1
320,130,2.628733038886772,1
321,132,1.7820654520822863,1
322,133,1.0360882056440754,1
323,134,0.6461592540023459,1
324,135,0.9331449262535828,1
325,136,1.462075422665535,1
326,138,1.8973427712635205,1
327,139,1.258437198039241,1
328,140,0.9468904763783305,1
329,141,1.0076219859097486,1
330,142,1.237342894479393,1
331,143,1.4488383303802834,1
332,144,1.5677820403313378,1
333,145,1.5877133708818094,1
334,146,1.5369835664466416,1
335,147,1.4665713736632184,1
336,148,1.4441656791821347,1
337,149,1.5539720446246705,1
338,150,1.8375348241562035,1
339,151,2.2852007893380266,1
340,153,1.9828042116800786,1
341,154,1.4680593814870178,1
342,155,1.0864081356045219,1
343,156,1.105870987131369,1
344,157,1.598275216946854,1
345,159,2.0953438384177083,1
346,160,1.2270079296552214,1
347,161,1.1557003345417232,1
348,163,1.9513842137247237,1
349,164,1.0652742309438477,1
350,165,1.593676913403647,1
351,167,1.5933288728285733,1
352,168,1.0870670114643775,1
353,169,1.5147728828187064,1
354,170,2.3531806900708365,1
355,172,1.846278556156742,1
356,173,1.1828357907011995,1
357,174,0.9997807890205842,1
358,175,1.5162701039498319,1
359,176,2.3742652748590896,1
360,178,1.3054320889631081,1
361,179,1.01854974197141,1
362,181,1.6650283740411307,1
363,182,1.8294867043452467,1
364,184,3.621408919208272,1
365,185,6.943424900670563,1
366,186,11.218249932863591,1
367,186,16.001257714267304,1
368,187,20.885279493219954,1
369,187,25.84174587704214,1
370,187,30.76641464519081,1
371,187,35.53609555919922,1
372,187,40.064674559032895,0
373,188,44.244116562963775,0
374,188,48.080838451133786,0
375,188,51.572206894427175,0
376,188,54.736038807413195,0
377,188,57.607670185261014,0
378,188,60.2215108657148,0
379,188,62.60303281073499,0
380,188,64.78579897208455,0
381,188,66.81224963399194,0
382,188,68.73384435106878,0
383,188,70.59978774649909,0
384,188,72.42470934704089,0
385,188,74.18156827145938,0
386,188,75.81110156478196,0
387,188,77.27092495581245,0
388,188,78.53436606970686,0
389,189,79.6229593595004,0
390,189,80.5013268218334,0
391,189,81.30839774430227,0
392,189,82.08953011641975,0
393,190,82.74493058335241,0
394,190,83.41201120033371,0
395,191,84.00834162321634,0
396,192,84.63787390073368,0
397,193,85.24762211681164,0
398,194,85.81156732965442,0
399,196,86.28883372296202,0
400,197,86.57685284805713,0
401,198,86.72751417428012,0
402,200,86.69581496836034,0
403,201,86.5125578029855,0
404,202,86.20122622813778,0
405,203,85.77256094091021,0
406,205,85.19187393407503,0
407,206,84.48688854676331,0
408,207,83.67620557162024,0
409,208,82.7489205793233,0
410,209,81.69451097696661,0
411,211,80.43694319066026,0
412,212,79.05038493243732,0
413,214,77.52619287584784,0
414,215,75.90567866543607,0
415,216,74.33825986864713,0
416,217,72.92330753041897,0
417,217,71.65054146700898,0
418,218,70.66504029717798,0
419,218,69.9441381933579,0
420,219,69.56128287385458,0
421,219,69.43668921240898,0
422,219,69.71812735963239,0
423,220,70.25174601226801,0
424,220,71.11912097600099,0
425,220,72.3676980265057,0
426,221,73.8451615095524,0
427,221,75.61709937418372,0
428,221,77.71183783250929,0
429,222,80.0164776346109,0
430,222,82.51725424315552,0
431,222,85.26629886046392,0
432,223,88.15599686385514,0
433,223,91.19781033059344,0
434,223,94.46316344640456,0
435,224,97.79824548680486,0
436,224,101.34726021211097,0
437,225,105.03408554333936,0
438,225,108.87663117079225,0
439,226,112.86753871872335,0
440,226,116.97941622801514,0
441,227,121.22599040297804,0
442,227,125.5786936490399,0
443,228,130.0238531455848,0
444,229,134.56202024714554,0
445,303,135.5699288471013,0
446,12,131.0162818640475,0
447,11,126.22657254502961,0
448,11,121.5614944854052,0
449,10,116.93008057077732,0
450,9,112.36053977972813,0
451,8,107.80622191705228,0
452,7,103.2388733875839,0
453,6,98.64451319554341,0
454,5,94.0250036856592,0
455,4,89.39372851511351,0
456,3,84.76109669108652,0
457,2,80.14071644524914,0
458,1,75.54896609885576,0
459,0,71.01012945964831,0
460,0,66.84812153529371,0
461,0,63.135875739126,0
462,0,59.92239702224742,0
463,0,57.21583058814206,0
464,0,54.971340755866585,0
465,0,53.09778860527752,0
466,0,51.48454114725954,0
467,0,50.01127607105411,0
468,0,48.568441499970625,0
469,0,47.06882112130214,0
470,0,45.45111383293518,0
471,0,43.692732485494695,0
472,0,41.8054513785969,0
473,0,39.83222048764784,1
474,0,37.848711082019115,1
475,0,35.921119550798004,1
476,0,34.103675386408455,1
477,0,32.430838410103085,1
478,0,30.897334382053774,1
479,0,29.461994650068053,1
480,0,28.04399207456259,1
481,0,26.543985142120956,1
482,0,24.86155181706927,1
483,0,22.909765239773424,1
484,0,20.607702633245925,1
485,0,17.910722651108493,1
486,0,14.791106303541998,1
487,0,11.239984586034616,1
488,0,7.282313936077236,1
489,0,2.9534861787563162,1
490,0,1.7682333824212955,1
491,1,2.0070093445131496,1
492,2,2.4101172232636063,1
493,4,1.9233616865608967,1
494,5,1.2524113118882894,1
495,6,0.45539719884226953,1
496,7,0.7612663294837304,1
497,8,2.014782595327359,1
498,10,0.5280393183806238,1
